"method","N","T","n_obs","rep","seed","time_fit","note"
"GLM",400,40,16000,1,1,0.006,""
"GLM",400,40,16000,2,2,0.004,""
"GLM",400,40,16000,3,3,0.003,""
"GLM",400,40,16000,4,4,0.003,""
"GLM",400,40,16000,5,5,0.003,""
"GLM",800,40,32000,1,1,0.006,""
"GLM",800,40,32000,2,2,0.006,""
"GLM",800,40,32000,3,3,0.006,""
"GLM",800,40,32000,4,4,0.007,""
"GLM",800,40,32000,5,5,0.006,""
"GLM",400,80,32000,1,1,0.006,""
"GLM",400,80,32000,2,2,0.005,""
"GLM",400,80,32000,3,3,0.005,""
"GLM",400,80,32000,4,4,0.006,""
"GLM",400,80,32000,5,5,0.005,""
"GLM",800,80,64000,1,1,0.011,""
"GLM",800,80,64000,2,2,0.014,""
"GLM",800,80,64000,3,3,0.012,""
"GLM",800,80,64000,4,4,0.012,""
"GLM",800,80,64000,5,5,0.011,""
"GLM",400,200,80000,1,1,0.015,""
"GLM",400,200,80000,2,2,0.016,""
"GLM",400,200,80000,3,3,0.015,""
"GLM",400,200,80000,4,4,0.014,""
"GLM",400,200,80000,5,5,0.014,""
"GLM",800,200,160000,1,1,0.073,""
"GLM",800,200,160000,2,2,0.026,""
"GLM",800,200,160000,3,3,0.027,""
"GLM",800,200,160000,4,4,0.027,""
"GLM",800,200,160000,5,5,0.067,""
"cf_dglm",400,40,16000,1,1,0.61,""
"cf_dglm",400,40,16000,2,2,0.362,""
"cf_dglm",400,40,16000,3,3,0.372,""
"cf_dglm",400,40,16000,4,4,0.402,""
"cf_dglm",400,40,16000,5,5,0.348,""
"cf_dglm",800,40,32000,1,1,0.907,""
"cf_dglm",800,40,32000,2,2,0.875,""
"cf_dglm",800,40,32000,3,3,0.847,""
"cf_dglm",800,40,32000,4,4,0.89,""
"cf_dglm",800,40,32000,5,5,0.83,""
"cf_dglm",400,80,32000,1,1,0.677,""
"cf_dglm",400,80,32000,2,2,0.704,""
"cf_dglm",400,80,32000,3,3,0.702,""
"cf_dglm",400,80,32000,4,4,0.641,""
"cf_dglm",400,80,32000,5,5,0.691,""
"cf_dglm",800,80,64000,1,1,1.633,""
"cf_dglm",800,80,64000,2,2,1.522,""
"cf_dglm",800,80,64000,3,3,1.397,""
"cf_dglm",800,80,64000,4,4,1.391,""
"cf_dglm",800,80,64000,5,5,1.514,""
"cf_dglm",400,200,80000,1,1,1.531,""
"cf_dglm",400,200,80000,2,2,1.488,""
"cf_dglm",400,200,80000,3,3,1.445,""
"cf_dglm",400,200,80000,4,4,1.429,""
"cf_dglm",400,200,80000,5,5,1.438,""
"cf_dglm",800,200,160000,1,1,3.644,""
"cf_dglm",800,200,160000,2,2,3.045,""
"cf_dglm",800,200,160000,3,3,3.252,""
"cf_dglm",800,200,160000,4,4,3.274,""
"cf_dglm",800,200,160000,5,5,3.172,""
"KFAS_K120",400,40,16000,1,1,34.601,""
"KFAS_K120",400,40,16000,2,2,34.4,""
"KFAS_K120",400,40,16000,3,3,34.409,""
"KFAS_K120",400,40,16000,4,4,34.107,""
"KFAS_K120",400,40,16000,5,5,34.803,""
"KFAS_K120",800,40,32000,1,1,67.24,""
"KFAS_K120",800,40,32000,2,2,66.277,""
"KFAS_K120",800,40,32000,3,3,65.596,""
"KFAS_K120",800,40,32000,4,4,66.268,""
"KFAS_K120",800,40,32000,5,5,69.087,""
"KFAS_K120",400,80,32000,1,1,65.848,""
"KFAS_K120",400,80,32000,2,2,65.901,""
"KFAS_K120",400,80,32000,3,3,65.855,""
"KFAS_K120",400,80,32000,4,4,66.463,""
"KFAS_K120",400,80,32000,5,5,65.597,""
"KFAS_K120",800,80,64000,1,1,131.259,""
"KFAS_K120",800,80,64000,2,2,130.641,""
"KFAS_K120",800,80,64000,3,3,130.616,""
"KFAS_K120",800,80,64000,4,4,132.154,""
"KFAS_K120",800,80,64000,5,5,134.748,""
"KFAS_K120",400,200,80000,1,1,174.37,""
"KFAS_K120",400,200,80000,2,2,170.672,""
"KFAS_K120",400,200,80000,3,3,170.546,""
"KFAS_K120",400,200,80000,4,4,168.558,""
"KFAS_K120",400,200,80000,5,5,170.589,""
"KFAS_K120",800,200,160000,1,1,328.638,""
"KFAS_K120",800,200,160000,2,2,332.724,""
"KFAS_K120",800,200,160000,3,3,331.592,""
"KFAS_K120",800,200,160000,4,4,335.353,""
"KFAS_K120",800,200,160000,5,5,328.428,""
"GAM",400,40,16000,1,1,52.726,""
"GAM",400,40,16000,2,2,52.639,""
"GAM",400,40,16000,3,3,52.913,""
"GAM",400,40,16000,4,4,52.996,""
"GAM",400,40,16000,5,5,52.815,""
"GAM",800,40,32000,1,1,103.28,""
"GAM",800,40,32000,2,2,102.997,""
"GAM",800,40,32000,3,3,102.924,""
"GAM",800,40,32000,4,4,103.033,""
"GAM",800,40,32000,5,5,116.739,""
"GAM",400,80,32000,1,1,116.605,""
"GAM",400,80,32000,2,2,102.84,""
"GAM",400,80,32000,3,3,103.007,""
"GAM",400,80,32000,4,4,102.952,""
"GAM",400,80,32000,5,5,102.79,""
"GAM",800,80,64000,1,1,230.608,""
"GAM",800,80,64000,2,2,230.852,""
"GAM",800,80,64000,3,3,230.086,""
"GAM",800,80,64000,4,4,230.24,""
"GAM",800,80,64000,5,5,230.427,""
"GAM",400,200,80000,1,1,253.423,""
"GAM",400,200,80000,2,2,252.91,""
"GAM",400,200,80000,3,3,253.014,""
"GAM",400,200,80000,4,4,285.562,""
"GAM",400,200,80000,5,5,253.298,""
"GAM",800,200,160000,1,1,574.809,""
"GAM",800,200,160000,2,2,574.386,""
"GAM",800,200,160000,3,3,574.983,""
"GAM",800,200,160000,4,4,574.259,""
"GAM",800,200,160000,5,5,576.295,""
"sdmTMB",400,40,16000,1,1,116.976,""
"sdmTMB",400,40,16000,2,2,124.017,""
"sdmTMB",400,40,16000,3,3,146.926,""
"sdmTMB",400,40,16000,4,4,113.735,""
"sdmTMB",400,40,16000,5,5,136.199,""
"sdmTMB",800,40,32000,1,1,224.418,""
"sdmTMB",800,40,32000,2,2,199.873,""
"sdmTMB",800,40,32000,3,3,194.344,""
"sdmTMB",800,40,32000,4,4,202.811,""
"sdmTMB",800,40,32000,5,5,163.353,""
"sdmTMB",400,80,32000,1,1,271.359,""
"sdmTMB",400,80,32000,2,2,281.852,""
"sdmTMB",400,80,32000,3,3,302.836,""
"sdmTMB",400,80,32000,4,4,301.24,""
"sdmTMB",400,80,32000,5,5,343.397,""
"sdmTMB",800,80,64000,1,1,548.826,""
"sdmTMB",800,80,64000,2,2,473.293,""
"sdmTMB",800,80,64000,3,3,483.091,""
"sdmTMB",800,80,64000,4,4,430.97,""
"sdmTMB",800,80,64000,5,5,414.601,""
"sdmTMB",400,200,80000,1,1,942.017,""
"sdmTMB",400,200,80000,2,2,901.009,""
"sdmTMB",400,200,80000,3,3,769.724,""
"sdmTMB",400,200,80000,4,4,1024.685,""
"sdmTMB",400,200,80000,5,5,883.239,""
"sdmTMB",800,200,160000,1,1,1622.637,""
"sdmTMB",800,200,160000,2,2,1267.552,""
"sdmTMB",800,200,160000,3,3,1490.865,""
"sdmTMB",800,200,160000,4,4,1429.896,""
"sdmTMB",800,200,160000,5,5,1270.593,""
"KFAS_K240",400,40,16000,1,1,273.439,""
"KFAS_K240",400,40,16000,2,2,270.803,""
"KFAS_K240",400,40,16000,3,3,273.358,""
"KFAS_K240",400,40,16000,4,4,271.843,""
"KFAS_K240",400,40,16000,5,5,273.119,""
"KFAS_K240",800,40,32000,1,1,524.574,""
"KFAS_K240",800,40,32000,2,2,524.468,""
"KFAS_K240",800,40,32000,3,3,521.253,""
"KFAS_K240",800,40,32000,4,4,522.962,""
"KFAS_K240",800,40,32000,5,5,518.185,""
"KFAS_K240",400,80,32000,1,1,553.373,""
"KFAS_K240",400,80,32000,2,2,542.132,""
"KFAS_K240",400,80,32000,3,3,541.471,""
"KFAS_K240",400,80,32000,4,4,543.526,""
"KFAS_K240",400,80,32000,5,5,547.722,""
"KFAS_K240",800,80,64000,1,1,1054.835,""
"KFAS_K240",800,80,64000,2,2,1051.839,""
"KFAS_K240",800,80,64000,3,3,1049.19,""
"KFAS_K240",800,80,64000,4,4,1163.685,""
"KFAS_K240",800,80,64000,5,5,1127.361,""
"KFAS_K240",400,200,80000,1,1,1367.424,""
"KFAS_K240",400,200,80000,2,2,1350.935,""
"KFAS_K240",400,200,80000,3,3,1365.791,""
"KFAS_K240",800,200,160000,1,1,2620.101,""
"KFAS_K240",800,200,160000,2,2,2620.058,""
"KFAS_K240",800,200,160000,3,3,2613.692,""
"KFAS_K240",800,200,160000,4,4,2626.522,""
"KFAS_K240",800,200,160000,5,5,2628.86,""
