"method","cutoff","nodes","seed","rmse","crps","time"
"CF-STM",NA,NA,1,0.533726014826203,0.303949500500538,9.413
"CF-STM",NA,NA,2,0.524544250338725,0.297169278151673,8.502
"CF-STM",NA,NA,3,0.52874825665225,0.299607146940594,9.022
"CF-STM",NA,NA,4,0.531434177533249,0.300651204987752,8.874
"CF-STM",NA,NA,5,0.535670552788334,0.302814211435613,8.508
"sdmTMB",0.2,49,1,0.552892354647191,0.313200843249505,9.203
"sdmTMB",0.2,45,2,0.549943722751095,0.308785222239555,7.986
"sdmTMB",0.2,43,3,0.569720390606043,0.31819854719091,8.039
"sdmTMB",0.2,45,4,0.554867469403663,0.31198480224094,7.646
"sdmTMB",0.2,48,5,0.55161938482196,0.310274096643736,9.486
"sdmTMB",0.1,101,1,0.532853290318464,0.302827580955179,41.018
"sdmTMB",0.1,99,2,0.525286216782587,0.297709948578464,42.686
"sdmTMB",0.1,101,3,0.529131631718751,0.299634662136008,53.584
"sdmTMB",0.1,100,4,0.534310661045607,0.302014074696173,57.149
"sdmTMB",0.1,100,5,0.534266089853559,0.302378296040467,51.208
"sdmTMB",0.05,320,1,0.532623580342965,0.303156210227626,559.127
"sdmTMB",0.05,313,2,0.523702765248311,0.297075305545921,367.899
"sdmTMB",0.05,329,3,0.526647379370855,0.298641039781559,424.263
"sdmTMB",0.05,329,4,0.533247840036854,0.302406567840385,505.15
"sdmTMB",0.05,334,5,0.534286522257331,0.302707224324173,658.926
"sdmTMB",0.025,1028,1,0.532184319985683,0.303011075045297,8598.403
"sdmTMB",0.025,1031,2,0.523871582130751,0.29733908477472,7684.971
"sdmTMB",0.025,1049,3,0.526501872106751,0.298750957844597,8685
"sdmTMB",0.025,1040,4,0.533002985606635,0.302432958714553,8840.68
"sdmTMB",0.025,1048,5,0.534279684878324,0.302847003844057,10139.115
