"N","T","n_obs","n_pred","rep","seed","n_scales","t_hv","t_fit","t_pred","t_total"
400,40,16000,16000,1,1,28,0.476,0.343,0.049,0.868
400,40,16000,16000,2,2,29,0.128,0.163,0.124,0.415
400,40,16000,16000,3,3,28,0.129,0.16,0.146,0.435
400,40,16000,16000,4,4,29,0.132,0.166,0.119,0.417
400,40,16000,16000,5,5,28,0.13,0.203,0.07,0.403
800,40,32000,32000,1,1,29,0.305,0.49,0.231,1.026
800,40,32000,32000,2,2,28,0.298,0.376,0.191,0.865
800,40,32000,32000,3,3,28,0.301,0.384,0.204,0.889
800,40,32000,32000,4,4,29,0.304,0.397,0.266,0.967
800,40,32000,32000,5,5,29,0.302,0.383,0.24,0.925
400,80,32000,32000,1,1,28,0.219,0.279,0.103,0.601
400,80,32000,32000,2,2,28,0.217,0.271,0.163,0.651
400,80,32000,32000,3,3,28,0.218,0.33,0.099,0.647
400,80,32000,32000,4,4,28,0.217,0.273,0.237,0.727
400,80,32000,32000,5,5,28,0.218,0.272,0.148,0.638
800,80,64000,64000,1,1,29,0.509,0.831,0.265,1.605
800,80,64000,64000,2,2,29,0.497,0.639,0.297,1.433
800,80,64000,64000,3,3,29,0.504,0.662,0.332,1.498
800,80,64000,64000,4,4,29,0.505,0.696,0.29,1.491
800,80,64000,64000,5,5,29,0.507,0.658,0.387,1.552
2000,40,80000,80000,1,1,29,1.004,1.241,0.724,2.969
2000,40,80000,80000,2,2,29,0.972,1.206,0.524,2.702
2000,40,80000,80000,3,3,30,0.968,1.213,0.563,2.744
2000,40,80000,80000,4,4,29,0.962,1.199,0.522,2.683
2000,40,80000,80000,5,5,30,0.966,1.223,0.557,2.746
400,200,80000,80000,1,1,28,0.499,0.613,0.217,1.329
400,200,80000,80000,2,2,28,0.507,0.606,0.284,1.397
400,200,80000,80000,3,3,28,0.492,0.606,0.36,1.458
400,200,80000,80000,4,4,28,0.483,0.599,0.311,1.393
400,200,80000,80000,5,5,28,0.489,0.606,0.356,1.451
2000,80,160000,160000,1,1,29,1.601,2.13,0.8,4.531
2000,80,160000,160000,2,2,29,1.554,1.967,0.807,4.328
2000,80,160000,160000,3,3,30,1.6,2.043,0.827,4.47
2000,80,160000,160000,4,4,30,1.602,2.025,0.958,4.585
2000,80,160000,160000,5,5,30,1.586,2.028,0.791,4.405
800,200,160000,160000,1,1,28,1.117,1.445,0.504,3.066
800,200,160000,160000,2,2,29,1.152,1.394,0.734,3.28
800,200,160000,160000,3,3,29,1.103,1.422,0.604,3.129
800,200,160000,160000,4,4,28,1.092,1.395,0.569,3.056
800,200,160000,160000,5,5,29,1.092,1.406,0.69,3.188
5000,40,2e+05,2e+05,1,1,30,3,3.555,1.528,8.083
5000,40,2e+05,2e+05,2,2,30,2.979,3.556,1.466,8.001
5000,40,2e+05,2e+05,3,3,31,3.033,3.649,1.384,8.066
5000,40,2e+05,2e+05,4,4,30,3.021,3.499,1.418,7.938
5000,40,2e+05,2e+05,5,5,30,3.032,3.553,1.397,7.982
400,500,2e+05,2e+05,1,1,28,1.313,1.467,0.564,3.344
400,500,2e+05,2e+05,2,2,28,1.257,1.427,0.573,3.257
400,500,2e+05,2e+05,3,3,28,1.293,1.468,0.627,3.388
400,500,2e+05,2e+05,4,4,28,1.252,1.476,0.643,3.371
400,500,2e+05,2e+05,5,5,28,1.248,1.477,0.6,3.325
5000,80,4e+05,4e+05,1,1,30,4.85,6.182,2.081,13.113
5000,80,4e+05,4e+05,2,2,30,4.867,5.994,2.356,13.217
5000,80,4e+05,4e+05,3,3,31,4.935,6.183,2.365,13.483
5000,80,4e+05,4e+05,4,4,31,4.965,6.139,2.358,13.462
5000,80,4e+05,4e+05,5,5,30,4.866,5.992,2.274,13.132
2000,200,4e+05,4e+05,1,1,29,3.429,4.368,1.514,9.311
2000,200,4e+05,4e+05,2,2,29,3.447,4.353,1.569,9.369
2000,200,4e+05,4e+05,3,3,30,3.43,4.503,1.519,9.452
2000,200,4e+05,4e+05,4,4,29,3.391,4.339,1.607,9.337
2000,200,4e+05,4e+05,5,5,30,3.4,4.56,1.541,9.501
800,500,4e+05,4e+05,1,1,28,2.964,3.529,1.279,7.772
800,500,4e+05,4e+05,2,2,29,2.9,3.751,1.104,7.755
800,500,4e+05,4e+05,3,3,29,2.9,3.664,1.263,7.827
800,500,4e+05,4e+05,4,4,29,2.909,3.608,1.352,7.869
800,500,4e+05,4e+05,5,5,29,2.877,3.586,1.259,7.722
5000,200,1e+06,1e+06,1,1,30,10.427,12.893,4.822,28.142
5000,200,1e+06,1e+06,2,2,31,10.561,13.654,4.716,28.931
5000,200,1e+06,1e+06,3,3,31,10.546,13.508,4.906,28.96
5000,200,1e+06,1e+06,4,4,31,10.466,13.528,4.774,28.768
5000,200,1e+06,1e+06,5,5,31,10.516,13.493,4.894,28.903
2000,500,1e+06,1e+06,1,1,29,8.552,11.099,3.299,22.95
2000,500,1e+06,1e+06,2,2,29,8.593,11.02,3.49,23.103
2000,500,1e+06,1e+06,3,3,29,8.624,10.813,3.965,23.402
2000,500,1e+06,1e+06,4,4,29,8.488,10.798,3.813,23.099
2000,500,1e+06,1e+06,5,5,29,8.566,10.784,3.945,23.295
5000,500,2500000,2500000,1,1,31,26.538,31.782,12.063,70.383
5000,500,2500000,2500000,2,2,30,26.465,31.843,11.749,70.057
5000,500,2500000,2500000,3,3,31,26.862,32.929,13.83,73.621
5000,500,2500000,2500000,4,4,31,27.2,32.942,11.71,71.852
5000,500,2500000,2500000,5,5,30,26.71,32.02,11.351,70.081
